{
  "source": "restApi",
  "revision": 9,
  "description": null,
  "createdBy": "{}",
  "createdOn": "",
  "modifiedBy": "{}",
  "modifiedOn": "",
  "isDeleted": false,
  "lastRelease": {
    "id": 13,
    "name": "Release-13",
    "artifacts": [],
    "_links": {},
    "description": "",
    "releaseDefinition": {
      "id": 1,
      "projectReference": null,
      "_links": {}
    },
    "createdOn": "2020-10-27T09:23:29.197Z",
    "createdBy": {
      "displayName": "Andy He",
      "url": "https://spsprodea1.vssps.visualstudio.com/A3d97d557-5275-450b-9cdf-14ded94f4c57/_apis/Identities/1ebfd13c-5584-64eb-a3e0-ed953b697d9b",
      "_links": {
        "avatar": {
          "href": "https://dev.azure.com/DemonstrationProject/_apis/GraphProfile/MemberAvatars/aad.MWViZmQxM2MtNTU4NC03NGViLWEzZTAtZWQ5NTNiNjk3ZDli"
        }
      },
      "id": "1ebfd13c-5584-64eb-a3e0-ed953b697d9b",
      "uniqueName": "zhih@microsoft.com",
      "imageUrl": "https://dev.azure.com/DemonstrationProject/_apis/GraphProfile/MemberAvatars/aad.MWViZmQxM2MtNTU4NC03NGViLWEzZTAtZWQ5NTNiNjk3ZDli",
      "descriptor": "aad.MWViZmQxM2MtNTU4NC03NGViLWEzZTAtZWQ5NTNiNjk3ZDli"
    }
  },
  "variables": {},
  "variableGroups": [],
  "environments": [
    {
      "id": 1,
      "name": "QA - Deploy on ACI",
      "rank": 1,
      "owner": {
        "displayName": "$OwnerDisplayName$",
        "url": "",
        "_links": "{}",
        "id": "$OwnerId$",
        "uniqueName": "$OwnerUniqueName$",
        "imageUrl": "",
        "descriptor": ""
      },
      "variables": {},
      "variableGroups": [],
      "preDeployApprovals": {
        "approvals": [
          {
            "rank": 1,
            "isAutomated": true,
            "isNotificationOn": false,
            "id": 1
          }
        ],
        "approvalOptions": {
          "requiredApproverCount": 0,
          "releaseCreatorCanBeApprover": false,
          "autoTriggeredAndPreviousEnvironmentApprovedCanBeSkipped": false,
          "enforceIdentityRevalidation": false,
          "timeoutInMinutes": 0,
          "executionOrder": "beforeGates"
        }
      },
      "deployStep": {
        "id": 3
      },
      "postDeployApprovals": {
        "approvals": [
          {
            "rank": 1,
            "isAutomated": true,
            "isNotificationOn": false,
            "id": 5
          }
        ],
        "approvalOptions": {
          "requiredApproverCount": 0,
          "releaseCreatorCanBeApprover": false,
          "autoTriggeredAndPreviousEnvironmentApprovedCanBeSkipped": false,
          "enforceIdentityRevalidation": false,
          "timeoutInMinutes": 0,
          "executionOrder": "afterSuccessfulGates"
        }
      },
      "deployPhases": [
        {
          "deploymentInput": {
            "parallelExecution": {
              "parallelExecutionType": "none"
            },
            "agentSpecification": {
              "identifier": "ubuntu-16.04"
            },
            "skipArtifactsDownload": false,
            "artifactsDownloadInput": {
              "downloadInputs": [
                {
                  "alias": "_devops-for-ai-CI",
                  "artifactType": "Build",
                  "artifactDownloadMode": "All",
                  "artifactItems": []
                }
              ]
            },
            "queueId": "$Azure Pipelines$",
            "demands": [],
            "enableAccessToken": false,
            "timeoutInMinutes": 0,
            "jobCancelTimeoutInMinutes": 1,
            "condition": "succeeded()",
            "overrideInputs": {}
          },
          "rank": 1,
          "phaseType": "agentBasedDeployment",
          "name": "Deploy on New ACI",
          "refName": null,
          "workflowTasks": [
            {
              "environment": {},
              "taskId": "33c63b11-352b-45a2-ba1b-54cb568a29ca",
              "version": "0.*",
              "name": "Use Python 3.6",
              "refName": "",
              "enabled": true,
              "alwaysRun": false,
              "continueOnError": false,
              "timeoutInMinutes": 0,
              "definitionType": "task",
              "overrideInputs": {},
              "condition": "succeeded()",
              "inputs": {
                "versionSpec": "3.6",
                "addToPath": "true",
                "architecture": "x64"
              }
            },
            {
              "environment": {},
              "taskId": "6c731c3c-3c68-459a-a5c9-bde6e6595b5b",
              "version": "3.*",
              "name": "Install Requirements",
              "refName": "",
              "enabled": true,
              "alwaysRun": false,
              "continueOnError": false,
              "timeoutInMinutes": 0,
              "definitionType": "task",
              "overrideInputs": {},
              "condition": "succeeded()",
              "inputs": {
                "targetType": "filePath",
                "filePath": "$(System.DefaultWorkingDirectory)/_devops-for-ai-CI/devops-for-ai/environment_setup/install_requirements.sh",
                "arguments": "",
                "script": "# Write your commands here\n\n# Use the environment variables input below to pass secret variables to this script",
                "workingDirectory": "$(System.DefaultWorkingDirectory)/_devops-for-ai-CI/devops-for-ai/environment_setup",
                "failOnStderr": "false",
                "noProfile": "true",
                "noRc": "true"
              }
            },
            {
              "environment": {},
              "taskId": "46e4be58-730b-4389-8a2f-ea10b3e5e815",
              "version": "1.*",
              "name": "50. Deploy Webservice on ACI",
              "refName": "",
              "enabled": true,
              "alwaysRun": false,
              "continueOnError": false,
              "timeoutInMinutes": 0,
              "definitionType": "task",
              "overrideInputs": {},
              "condition": "succeeded()",
              "inputs": {
                "connectedServiceNameARM": "",
                "scriptLocation": "inlineScript",
                "scriptPath": "$(System.DefaultWorkingDirectory)/_devops-for-ai-CI/devops-for-ai/deployment/deployOnAci.py",
                "inlineScript": "python ./aml_service/50-deployOnAci.py",
                "args": "",
                "addSpnToEnvironment": "false",
                "useGlobalConfig": "false",
                "cwd": "$(System.DefaultWorkingDirectory)/_devops-for-ai-CI/devops-for-ai",
                "failOnStandardError": "false"
              }
            },
            {
              "environment": {},
              "taskId": "46e4be58-730b-4389-8a2f-ea10b3e5e815",
              "version": "1.*",
              "name": "60. Test ACI Webservice",
              "refName": "",
              "enabled": true,
              "alwaysRun": false,
              "continueOnError": false,
              "timeoutInMinutes": 0,
              "definitionType": "task",
              "overrideInputs": {},
              "condition": "succeeded()",
              "inputs": {
                "connectedServiceNameARM": "",
                "scriptLocation": "inlineScript",
                "scriptPath": "$(System.DefaultWorkingDirectory)/_devops-for-ai-CI/devops-for-ai/test/AciWebserviceTest.py",
                "inlineScript": "python ./aml_service/60-AciWebserviceTest.py",
                "args": "",
                "addSpnToEnvironment": "false",
                "useGlobalConfig": "false",
                "cwd": "$(System.DefaultWorkingDirectory)/_devops-for-ai-CI/devops-for-ai",
                "failOnStandardError": "false"
              }
            }
          ]
        }
      ],
      "environmentOptions": {
        "emailNotificationType": "OnlyOnFailure",
        "emailRecipients": "release.environment.owner;release.creator",
        "skipArtifactsDownload": false,
        "timeoutInMinutes": 0,
        "enableAccessToken": false,
        "publishDeploymentStatus": true,
        "badgeEnabled": false,
        "autoLinkWorkItems": false,
        "pullRequestDeploymentEnabled": false
      },
      "demands": [],
      "conditions": [
        {
          "name": "ReleaseStarted",
          "conditionType": "event",
          "value": ""
        }
      ],
      "executionPolicy": {
        "concurrencyCount": 1,
        "queueDepthCount": 0
      },
      "schedules": [],
      "currentRelease": {
        "id": 13,
        "url": "https://vsrm.dev.azure.com/DemonstrationProject/d7d92e40-25ae-4530-a8f5-88fd69a2ca21/_apis/Release/releases/13",
        "_links": {}
      },
      "retentionPolicy": {
        "daysToKeep": 30,
        "releasesToKeep": 3,
        "retainBuild": true
      },
      "processParameters": {},
      "properties": {
        "LinkBoardsWorkItems": {
          "$type": "System.String",
          "$value": "False"
        }
      },
      "preDeploymentGates": {
        "id": 0,
        "gatesOptions": null,
        "gates": []
      },
      "postDeploymentGates": {
        "id": 0,
        "gatesOptions": null,
        "gates": []
      },
      "environmentTriggers": [],
      "badgeUrl": ""
    },
    {
      "id": 2,
      "name": "Prod - Deploy On AKS",
      "rank": 2,
      "owner": {
        "displayName": "$OwnerDisplayName$",
        "url": "",
        "_links": "{}",
        "id": "$OwnerId$",
        "uniqueName": "$OwnerUniqueName$",
        "imageUrl": "",
        "descriptor": ""
      },
      "variables": {},
      "variableGroups": [],
      "preDeployApprovals": {
        "approvals": [
          {
            "rank": 1,
            "isAutomated": false,
            "isNotificationOn": false,
            "approver": {
              "displayName": "Andy He",
              "url": "https://spsprodea1.vssps.visualstudio.com/A3d97d557-5275-450b-9cdf-14ded94f4c57/_apis/Identities/1ebfd13c-5584-64eb-a3e0-ed953b697d9b",
              "_links": {
                "avatar": {
                  "href": "https://dev.azure.com/DemonstrationProject/_apis/GraphProfile/MemberAvatars/aad.MWViZmQxM2MtNTU4NC03NGViLWEzZTAtZWQ5NTNiNjk3ZDli"
                }
              },
              "id": "1ebfd13c-5584-64eb-a3e0-ed953b697d9b",
              "uniqueName": "zhih@microsoft.com",
              "imageUrl": "https://dev.azure.com/DemonstrationProject/_apis/GraphProfile/MemberAvatars/aad.MWViZmQxM2MtNTU4NC03NGViLWEzZTAtZWQ5NTNiNjk3ZDli",
              "descriptor": "aad.MWViZmQxM2MtNTU4NC03NGViLWEzZTAtZWQ5NTNiNjk3ZDli"
            },
            "id": 2
          }
        ],
        "approvalOptions": {
          "requiredApproverCount": 0,
          "releaseCreatorCanBeApprover": true,
          "autoTriggeredAndPreviousEnvironmentApprovedCanBeSkipped": false,
          "enforceIdentityRevalidation": false,
          "timeoutInMinutes": 0,
          "executionOrder": "beforeGates"
        }
      },
      "deployStep": {
        "id": 6
      },
      "postDeployApprovals": {
        "approvals": [
          {
            "rank": 1,
            "isAutomated": true,
            "isNotificationOn": false,
            "id": 7
          }
        ],
        "approvalOptions": {
          "requiredApproverCount": 0,
          "releaseCreatorCanBeApprover": false,
          "autoTriggeredAndPreviousEnvironmentApprovedCanBeSkipped": false,
          "enforceIdentityRevalidation": false,
          "timeoutInMinutes": 0,
          "executionOrder": "afterSuccessfulGates"
        }
      },
      "deployPhases": [
        {
          "deploymentInput": {
            "parallelExecution": {
              "parallelExecutionType": "none"
            },
            "agentSpecification": {
              "identifier": "ubuntu-16.04"
            },
            "skipArtifactsDownload": false,
            "artifactsDownloadInput": {
              "downloadInputs": [
                {
                  "alias": "_devops-for-ai-CI",
                  "artifactType": "Build",
                  "artifactDownloadMode": "All",
                  "artifactItems": []
                }
              ]
            },
            "queueId": "$Azure Pipelines$",
            "demands": [],
            "enableAccessToken": false,
            "timeoutInMinutes": 0,
            "jobCancelTimeoutInMinutes": 1,
            "condition": "succeeded()",
            "overrideInputs": {}
          },
          "rank": 1,
          "phaseType": "agentBasedDeployment",
          "name": "Agent phase",
          "refName": null,
          "workflowTasks": [
            {
              "environment": {},
              "taskId": "33c63b11-352b-45a2-ba1b-54cb568a29ca",
              "version": "0.*",
              "name": "Use Python 3.6",
              "refName": "",
              "enabled": true,
              "alwaysRun": false,
              "continueOnError": false,
              "timeoutInMinutes": 0,
              "definitionType": "task",
              "overrideInputs": {},
              "condition": "succeeded()",
              "inputs": {
                "versionSpec": "3.6",
                "addToPath": "true",
                "architecture": "x64"
              }
            },
            {
              "environment": {},
              "taskId": "6c731c3c-3c68-459a-a5c9-bde6e6595b5b",
              "version": "3.*",
              "name": "Install Requirements",
              "refName": "",
              "enabled": true,
              "alwaysRun": false,
              "continueOnError": false,
              "timeoutInMinutes": 0,
              "definitionType": "task",
              "overrideInputs": {},
              "condition": "succeeded()",
              "inputs": {
                "targetType": "filePath",
                "filePath": "$(System.DefaultWorkingDirectory)/_devops-for-ai-CI/devops-for-ai/environment_setup/install_requirements.sh",
                "arguments": "",
                "script": "# Write your commands here\n\n# Use the environment variables input below to pass secret variables to this script",
                "workingDirectory": "$(System.DefaultWorkingDirectory)/_devops-for-ai-CI/devops-for-ai/environment_setup",
                "failOnStderr": "false",
                "noProfile": "true",
                "noRc": "true"
              }
            },
            {
              "environment": {},
              "taskId": "46e4be58-730b-4389-8a2f-ea10b3e5e815",
              "version": "1.*",
              "name": "51. Deploy on AKS",
              "refName": "",
              "enabled": true,
              "alwaysRun": false,
              "continueOnError": false,
              "timeoutInMinutes": 0,
              "definitionType": "task",
              "overrideInputs": {},
              "condition": "succeeded()",
              "inputs": {
                "connectedServiceNameARM": "",
                "scriptLocation": "inlineScript",
                "scriptPath": "",
                "inlineScript": "python ./aml_service/51-deployOnAks.py",
                "args": "",
                "addSpnToEnvironment": "false",
                "useGlobalConfig": "false",
                "cwd": "$(System.DefaultWorkingDirectory)/_devops-for-ai-CI/devops-for-ai",
                "failOnStandardError": "false"
              }
            },
            {
              "environment": {},
              "taskId": "46e4be58-730b-4389-8a2f-ea10b3e5e815",
              "version": "1.*",
              "name": "61. Test AKS Webservice",
              "refName": "",
              "enabled": true,
              "alwaysRun": false,
              "continueOnError": false,
              "timeoutInMinutes": 0,
              "definitionType": "task",
              "overrideInputs": {},
              "condition": "succeeded()",
              "inputs": {
                "connectedServiceNameARM": "",
                "scriptLocation": "inlineScript",
                "scriptPath": "",
                "inlineScript": "python ./aml_service/61-AksWebserviceTest.py",
                "args": "",
                "addSpnToEnvironment": "false",
                "useGlobalConfig": "false",
                "cwd": "$(System.DefaultWorkingDirectory)/_devops-for-ai-CI/devops-for-ai",
                "failOnStandardError": "false"
              }
            }
          ]
        }
      ],
      "environmentOptions": {
        "emailNotificationType": "OnlyOnFailure",
        "emailRecipients": "release.environment.owner;release.creator",
        "skipArtifactsDownload": false,
        "timeoutInMinutes": 0,
        "enableAccessToken": false,
        "publishDeploymentStatus": true,
        "badgeEnabled": false,
        "autoLinkWorkItems": false,
        "pullRequestDeploymentEnabled": false
      },
      "demands": [],
      "conditions": [
        {
          "name": "QA - Deploy on ACI",
          "conditionType": "environmentState",
          "value": "4"
        }
      ],
      "executionPolicy": {
        "concurrencyCount": 1,
        "queueDepthCount": 0
      },
      "schedules": [],
      "currentRelease": {
        "id": 13,
        "url": "https://vsrm.dev.azure.com/DemonstrationProject/d7d92e40-25ae-4530-a8f5-88fd69a2ca21/_apis/Release/releases/13",
        "_links": {}
      },
      "retentionPolicy": {
        "daysToKeep": 30,
        "releasesToKeep": 3,
        "retainBuild": true
      },
      "processParameters": {},
      "properties": {
        "LinkBoardsWorkItems": {
          "$type": "System.String",
          "$value": "False"
        }
      },
      "preDeploymentGates": {
        "id": 4,
        "gatesOptions": {
          "isEnabled": true,
          "timeout": 1440,
          "samplingInterval": 15,
          "stabilizationTime": 5,
          "minimumSuccessDuration": 0
        },
        "gates": []
      },
      "postDeploymentGates": {
        "id": 0,
        "gatesOptions": null,
        "gates": []
      },
      "environmentTriggers": [],
      "badgeUrl": ""
    }
  ],
  "artifacts": [
    {
      "sourceId": "$ProjectId$:$DevOps-for-AI-CI-id$",
      "type": "Build",
      "alias": "_devops-for-ai-CI",
      "definitionReference": {
        "artifactSourceDefinitionUrl": "{}",
        "defaultVersionBranch": {
          "id": "",
          "name": ""
        },
        "defaultVersionSpecific": {
          "id": "",
          "name": ""
        },
        "defaultVersionTags": {
          "id": "",
          "name": ""
        },
        "defaultVersionType": {
          "id": "latestType",
          "name": "Latest"
        },
        "definition": {
          "id": "$DevOps-for-AI-CI-id$",
          "name": "DevOps-for-AI-CI"
        },
        "project": {
          "id": "$ProjectId$",
          "name": "$ProjectName$"
        }
      },
      "isPrimary": true,
      "isRetained": false
    }
  ],
  "triggers": [],
  "releaseNameFormat": "Release-$(rev:r)",
  "tags": [],
  "properties": {
    "DefinitionCreationSource": {
      "$type": "System.String",
      "$value": "ReleaseNew"
    },
    "IntegrateBoardsWorkItems": {
      "$type": "System.String",
      "$value": "False"
    },
    "IntegrateJiraWorkItems": {
      "$type": "System.String",
      "$value": "false"
    }
  },
  "id": "",
  "name": "Deploy Webservice",
  "path": "\\",
  "projectReference": null,
  "url": "",
  "_links": "{}"
}