{
  "data": {
    "environment": "AzureCloud",
    "subscriptionId": "f501f470-c695-4681-856a-988d86851132",
    "subscriptionName": "Microsoft Azure Internal Consumption",
    "scopeLevel": "Subscription"
  },
  "name": "Microsoft Azure Internal Consumption (f501f470-c695-4681-856a-988d86851132)",
  "type": "azurerm",
  "url": "https://management.azure.com/",
  "authorization": {
    "parameters": {
      "tenantId": "72f988bf-86f1-41af-91ab-2d7cd011db47",
      "servicePrincipalId": "1b90d714-f1ed-449c-b092-90426c81a433",
      "authenticationType": "spnKey",
      "servicePrincipalKey": "spnKey"
    },
    "scheme": "ServicePrincipal"
  },
  "isShared": false,
  "isReady": true,
  "owner": "Library"
}